0,-0.283,1.011,0.089,-0.293,0.967,0.127,-0.307,0.925,0.15,-0.309,0.908,0.195,-0.3,0.879,0.258,-0.278,0.864,0.347,-0.253,0.824,0.406,-0.234,0.749,0.473,-0.217,0.668,0.53,-0.195,0.59,0.581,-0.218,0.501,0.629,-0.219,0.43,0.674,-0.203,0.365,0.71,-0.195,0.312,0.737,-0.179,0.269,0.764,1
1,-0.293,0.967,0.127,-0.307,0.925,0.15,-0.309,0.908,0.195,-0.3,0.879,0.258,-0.278,0.864,0.347,-0.253,0.824,0.406,-0.234,0.749,0.473,-0.217,0.668,0.53,-0.195,0.59,0.581,-0.218,0.501,0.629,-0.219,0.43,0.674,-0.203,0.365,0.71,-0.195,0.312,0.737,-0.179,0.269,0.764,-0.169,0.23,0.8,2
1,-0.307,0.925,0.15,-0.309,0.908,0.195,-0.3,0.879,0.258,-0.278,0.864,0.347,-0.253,0.824,0.406,-0.234,0.749,0.473,-0.217,0.668,0.53,-0.195,0.59,0.581,-0.218,0.501,0.629,-0.219,0.43,0.674,-0.203,0.365,0.71,-0.195,0.312,0.737,-0.179,0.269,0.764,-0.169,0.23,0.8,-0.16,0.206,0.83,3
1,-0.309,0.908,0.195,-0.3,0.879,0.258,-0.278,0.864,0.347,-0.253,0.824,0.406,-0.234,0.749,0.473,-0.217,0.668,0.53,-0.195,0.59,0.581,-0.218,0.501,0.629,-0.219,0.43,0.674,-0.203,0.365,0.71,-0.195,0.312,0.737,-0.179,0.269,0.764,-0.169,0.23,0.8,-0.16,0.206,0.83,-0.15,0.181,0.862,4
1,-0.3,0.879,0.258,-0.278,0.864,0.347,-0.253,0.824,0.406,-0.234,0.749,0.473,-0.217,0.668,0.53,-0.195,0.59,0.581,-0.218,0.501,0.629,-0.219,0.43,0.674,-0.203,0.365,0.71,-0.195,0.312,0.737,-0.179,0.269,0.764,-0.169,0.23,0.8,-0.16,0.206,0.83,-0.15,0.181,0.862,-0.146,0.153,0.889,5
1,-0.278,0.864,0.347,-0.253,0.824,0.406,-0.234,0.749,0.473,-0.217,0.668,0.53,-0.195,0.59,0.581,-0.218,0.501,0.629,-0.219,0.43,0.674,-0.203,0.365,0.71,-0.195,0.312,0.737,-0.179,0.269,0.764,-0.169,0.23,0.8,-0.16,0.206,0.83,-0.15,0.181,0.862,-0.146,0.153,0.889,-0.161,0.137,0.907,6
1,-0.253,0.824,0.406,-0.234,0.749,0.473,-0.217,0.668,0.53,-0.195,0.59,0.581,-0.218,0.501,0.629,-0.219,0.43,0.674,-0.203,0.365,0.71,-0.195,0.312,0.737,-0.179,0.269,0.764,-0.169,0.23,0.8,-0.16,0.206,0.83,-0.15,0.181,0.862,-0.146,0.153,0.889,-0.161,0.137,0.907,-0.18,0.112,0.92,7
1,-0.234,0.749,0.473,-0.217,0.668,0.53,-0.195,0.59,0.581,-0.218,0.501,0.629,-0.219,0.43,0.674,-0.203,0.365,0.71,-0.195,0.312,0.737,-0.179,0.269,0.764,-0.169,0.23,0.8,-0.16,0.206,0.83,-0.15,0.181,0.862,-0.146,0.153,0.889,-0.161,0.137,0.907,-0.18,0.112,0.92,-0.198,0.101,0.94,8
1,-0.217,0.668,0.53,-0.195,0.59,0.581,-0.218,0.501,0.629,-0.219,0.43,0.674,-0.203,0.365,0.71,-0.195,0.312,0.737,-0.179,0.269,0.764,-0.169,0.23,0.8,-0.16,0.206,0.83,-0.15,0.181,0.862,-0.146,0.153,0.889,-0.161,0.137,0.907,-0.18,0.112,0.92,-0.198,0.101,0.94,-0.203,0.092,0.946,9
1,-0.195,0.59,0.581,-0.218,0.501,0.629,-0.219,0.43,0.674,-0.203,0.365,0.71,-0.195,0.312,0.737,-0.179,0.269,0.764,-0.169,0.23,0.8,-0.16,0.206,0.83,-0.15,0.181,0.862,-0.146,0.153,0.889,-0.161,0.137,0.907,-0.18,0.112,0.92,-0.198,0.101,0.94,-0.203,0.092,0.946,-0.208,0.079,0.942,10
1,-0.218,0.501,0.629,-0.219,0.43,0.674,-0.203,0.365,0.71,-0.195,0.312,0.737,-0.179,0.269,0.764,-0.169,0.23,0.8,-0.16,0.206,0.83,-0.15,0.181,0.862,-0.146,0.153,0.889,-0.161,0.137,0.907,-0.18,0.112,0.92,-0.198,0.101,0.94,-0.203,0.092,0.946,-0.208,0.079,0.942,-0.22,0.065,0.944,11
1,-0.219,0.43,0.674,-0.203,0.365,0.71,-0.195,0.312,0.737,-0.179,0.269,0.764,-0.169,0.23,0.8,-0.16,0.206,0.83,-0.15,0.181,0.862,-0.146,0.153,0.889,-0.161,0.137,0.907,-0.18,0.112,0.92,-0.198,0.101,0.94,-0.203,0.092,0.946,-0.208,0.079,0.942,-0.22,0.065,0.944,-0.227,0.058,0.953,12
1,-0.203,0.365,0.71,-0.195,0.312,0.737,-0.179,0.269,0.764,-0.169,0.23,0.8,-0.16,0.206,0.83,-0.15,0.181,0.862,-0.146,0.153,0.889,-0.161,0.137,0.907,-0.18,0.112,0.92,-0.198,0.101,0.94,-0.203,0.092,0.946,-0.208,0.079,0.942,-0.22,0.065,0.944,-0.227,0.058,0.953,-0.235,0.055,0.958,13
1,-0.195,0.312,0.737,-0.179,0.269,0.764,-0.169,0.23,0.8,-0.16,0.206,0.83,-0.15,0.181,0.862,-0.146,0.153,0.889,-0.161,0.137,0.907,-0.18,0.112,0.92,-0.198,0.101,0.94,-0.203,0.092,0.946,-0.208,0.079,0.942,-0.22,0.065,0.944,-0.227,0.058,0.953,-0.235,0.055,0.958,-0.235,0.054,0.959,14
1,-0.179,0.269,0.764,-0.169,0.23,0.8,-0.16,0.206,0.83,-0.15,0.181,0.862,-0.146,0.153,0.889,-0.161,0.137,0.907,-0.18,0.112,0.92,-0.198,0.101,0.94,-0.203,0.092,0.946,-0.208,0.079,0.942,-0.22,0.065,0.944,-0.227,0.058,0.953,-0.235,0.055,0.958,-0.235,0.054,0.959,-0.235,0.055,0.962,15
1,-0.169,0.23,0.8,-0.16,0.206,0.83,-0.15,0.181,0.862,-0.146,0.153,0.889,-0.161,0.137,0.907,-0.18,0.112,0.92,-0.198,0.101,0.94,-0.203,0.092,0.946,-0.208,0.079,0.942,-0.22,0.065,0.944,-0.227,0.058,0.953,-0.235,0.055,0.958,-0.235,0.054,0.959,-0.235,0.055,0.962,-0.239,0.057,0.964,16
0,-0.16,0.206,0.83,-0.15,0.181,0.862,-0.146,0.153,0.889,-0.161,0.137,0.907,-0.18,0.112,0.92,-0.198,0.101,0.94,-0.203,0.092,0.946,-0.208,0.079,0.942,-0.22,0.065,0.944,-0.227,0.058,0.953,-0.235,0.055,0.958,-0.235,0.054,0.959,-0.235,0.055,0.962,-0.239,0.057,0.964,-0.244,0.057,0.961,17
0,-0.15,0.181,0.862,-0.146,0.153,0.889,-0.161,0.137,0.907,-0.18,0.112,0.92,-0.198,0.101,0.94,-0.203,0.092,0.946,-0.208,0.079,0.942,-0.22,0.065,0.944,-0.227,0.058,0.953,-0.235,0.055,0.958,-0.235,0.054,0.959,-0.235,0.055,0.962,-0.239,0.057,0.964,-0.244,0.057,0.961,-0.249,0.052,0.96,18
0,-0.146,0.153,0.889,-0.161,0.137,0.907,-0.18,0.112,0.92,-0.198,0.101,0.94,-0.203,0.092,0.946,-0.208,0.079,0.942,-0.22,0.065,0.944,-0.227,0.058,0.953,-0.235,0.055,0.958,-0.235,0.054,0.959,-0.235,0.055,0.962,-0.239,0.057,0.964,-0.244,0.057,0.961,-0.249,0.052,0.96,-0.25,0.05,0.965,19
0,-0.161,0.137,0.907,-0.18,0.112,0.92,-0.198,0.101,0.94,-0.203,0.092,0.946,-0.208,0.079,0.942,-0.22,0.065,0.944,-0.227,0.058,0.953,-0.235,0.055,0.958,-0.235,0.054,0.959,-0.235,0.055,0.962,-0.239,0.057,0.964,-0.244,0.057,0.961,-0.249,0.052,0.96,-0.25,0.05,0.965,-0.253,0.052,0.967,20
0,-0.18,0.112,0.92,-0.198,0.101,0.94,-0.203,0.092,0.946,-0.208,0.079,0.942,-0.22,0.065,0.944,-0.227,0.058,0.953,-0.235,0.055,0.958,-0.235,0.054,0.959,-0.235,0.055,0.962,-0.239,0.057,0.964,-0.244,0.057,0.961,-0.249,0.052,0.96,-0.25,0.05,0.965,-0.253,0.052,0.967,-0.252,0.048,0.969,21
0,-0.198,0.101,0.94,-0.203,0.092,0.946,-0.208,0.079,0.942,-0.22,0.065,0.944,-0.227,0.058,0.953,-0.235,0.055,0.958,-0.235,0.054,0.959,-0.235,0.055,0.962,-0.239,0.057,0.964,-0.244,0.057,0.961,-0.249,0.052,0.96,-0.25,0.05,0.965,-0.253,0.052,0.967,-0.252,0.048,0.969,-0.251,0.048,0.967,22
0,-0.203,0.092,0.946,-0.208,0.079,0.942,-0.22,0.065,0.944,-0.227,0.058,0.953,-0.235,0.055,0.958,-0.235,0.054,0.959,-0.235,0.055,0.962,-0.239,0.057,0.964,-0.244,0.057,0.961,-0.249,0.052,0.96,-0.25,0.05,0.965,-0.253,0.052,0.967,-0.252,0.048,0.969,-0.251,0.048,0.967,-0.25,0.045,0.966,23
0,-0.208,0.079,0.942,-0.22,0.065,0.944,-0.227,0.058,0.953,-0.235,0.055,0.958,-0.235,0.054,0.959,-0.235,0.055,0.962,-0.239,0.057,0.964,-0.244,0.057,0.961,-0.249,0.052,0.96,-0.25,0.05,0.965,-0.253,0.052,0.967,-0.252,0.048,0.969,-0.251,0.048,0.967,-0.25,0.045,0.966,-0.251,0.044,0.967,24
0,-0.22,0.065,0.944,-0.227,0.058,0.953,-0.235,0.055,0.958,-0.235,0.054,0.959,-0.235,0.055,0.962,-0.239,0.057,0.964,-0.244,0.057,0.961,-0.249,0.052,0.96,-0.25,0.05,0.965,-0.253,0.052,0.967,-0.252,0.048,0.969,-0.251,0.048,0.967,-0.25,0.045,0.966,-0.251,0.044,0.967,-0.252,0.044,0.967,25
0,-0.227,0.058,0.953,-0.235,0.055,0.958,-0.235,0.054,0.959,-0.235,0.055,0.962,-0.239,0.057,0.964,-0.244,0.057,0.961,-0.249,0.052,0.96,-0.25,0.05,0.965,-0.253,0.052,0.967,-0.252,0.048,0.969,-0.251,0.048,0.967,-0.25,0.045,0.966,-0.251,0.044,0.967,-0.252,0.044,0.967,-0.251,0.045,0.966,26
0,-0.235,0.055,0.958,-0.235,0.054,0.959,-0.235,0.055,0.962,-0.239,0.057,0.964,-0.244,0.057,0.961,-0.249,0.052,0.96,-0.25,0.05,0.965,-0.253,0.052,0.967,-0.252,0.048,0.969,-0.251,0.048,0.967,-0.25,0.045,0.966,-0.251,0.044,0.967,-0.252,0.044,0.967,-0.251,0.045,0.966,-0.252,0.047,0.967,27
0,-0.235,0.054,0.959,-0.235,0.055,0.962,-0.239,0.057,0.964,-0.244,0.057,0.961,-0.249,0.052,0.96,-0.25,0.05,0.965,-0.253,0.052,0.967,-0.252,0.048,0.969,-0.251,0.048,0.967,-0.25,0.045,0.966,-0.251,0.044,0.967,-0.252,0.044,0.967,-0.251,0.045,0.966,-0.252,0.047,0.967,-0.251,0.046,0.966,28
0,-0.235,0.055,0.962,-0.239,0.057,0.964,-0.244,0.057,0.961,-0.249,0.052,0.96,-0.25,0.05,0.965,-0.253,0.052,0.967,-0.252,0.048,0.969,-0.251,0.048,0.967,-0.25,0.045,0.966,-0.251,0.044,0.967,-0.252,0.044,0.967,-0.251,0.045,0.966,-0.252,0.047,0.967,-0.251,0.046,0.966,-0.251,0.047,0.965,29
0,-0.239,0.057,0.964,-0.244,0.057,0.961,-0.249,0.052,0.96,-0.25,0.05,0.965,-0.253,0.052,0.967,-0.252,0.048,0.969,-0.251,0.048,0.967,-0.25,0.045,0.966,-0.251,0.044,0.967,-0.252,0.044,0.967,-0.251,0.045,0.966,-0.252,0.047,0.967,-0.251,0.046,0.966,-0.251,0.047,0.965,-0.251,0.047,0.965,30
0,-0.244,0.057,0.961,-0.249,0.052,0.96,-0.25,0.05,0.965,-0.253,0.052,0.967,-0.252,0.048,0.969,-0.251,0.048,0.967,-0.25,0.045,0.966,-0.251,0.044,0.967,-0.252,0.044,0.967,-0.251,0.045,0.966,-0.252,0.047,0.967,-0.251,0.046,0.966,-0.251,0.047,0.965,-0.251,0.047,0.965,-0.249,0.048,0.964,31
0,-0.249,0.052,0.96,-0.25,0.05,0.965,-0.253,0.052,0.967,-0.252,0.048,0.969,-0.251,0.048,0.967,-0.25,0.045,0.966,-0.251,0.044,0.967,-0.252,0.044,0.967,-0.251,0.045,0.966,-0.252,0.047,0.967,-0.251,0.046,0.966,-0.251,0.047,0.965,-0.251,0.047,0.965,-0.249,0.048,0.964,-0.25,0.05,0.963,32
0,-0.25,0.05,0.965,-0.253,0.052,0.967,-0.252,0.048,0.969,-0.251,0.048,0.967,-0.25,0.045,0.966,-0.251,0.044,0.967,-0.252,0.044,0.967,-0.251,0.045,0.966,-0.252,0.047,0.967,-0.251,0.046,0.966,-0.251,0.047,0.965,-0.251,0.047,0.965,-0.249,0.048,0.964,-0.25,0.05,0.963,-0.25,0.052,0.964,33
0,-0.253,0.052,0.967,-0.252,0.048,0.969,-0.251,0.048,0.967,-0.25,0.045,0.966,-0.251,0.044,0.967,-0.252,0.044,0.967,-0.251,0.045,0.966,-0.252,0.047,0.967,-0.251,0.046,0.966,-0.251,0.047,0.965,-0.251,0.047,0.965,-0.249,0.048,0.964,-0.25,0.05,0.963,-0.25,0.052,0.964,-0.25,0.054,0.964,34
0,-0.252,0.048,0.969,-0.251,0.048,0.967,-0.25,0.045,0.966,-0.251,0.044,0.967,-0.252,0.044,0.967,-0.251,0.045,0.966,-0.252,0.047,0.967,-0.251,0.046,0.966,-0.251,0.047,0.965,-0.251,0.047,0.965,-0.249,0.048,0.964,-0.25,0.05,0.963,-0.25,0.052,0.964,-0.25,0.054,0.964,-0.25,0.055,0.964,35
0,-0.251,0.048,0.967,-0.25,0.045,0.966,-0.251,0.044,0.967,-0.252,0.044,0.967,-0.251,0.045,0.966,-0.252,0.047,0.967,-0.251,0.046,0.966,-0.251,0.047,0.965,-0.251,0.047,0.965,-0.249,0.048,0.964,-0.25,0.05,0.963,-0.25,0.052,0.964,-0.25,0.054,0.964,-0.25,0.055,0.964,-0.25,0.056,0.964,36
0,-0.25,0.045,0.966,-0.251,0.044,0.967,-0.252,0.044,0.967,-0.251,0.045,0.966,-0.252,0.047,0.967,-0.251,0.046,0.966,-0.251,0.047,0.965,-0.251,0.047,0.965,-0.249,0.048,0.964,-0.25,0.05,0.963,-0.25,0.052,0.964,-0.25,0.054,0.964,-0.25,0.055,0.964,-0.25,0.056,0.964,-0.25,0.058,0.964,37
0,-0.251,0.044,0.967,-0.252,0.044,0.967,-0.251,0.045,0.966,-0.252,0.047,0.967,-0.251,0.046,0.966,-0.251,0.047,0.965,-0.251,0.047,0.965,-0.249,0.048,0.964,-0.25,0.05,0.963,-0.25,0.052,0.964,-0.25,0.054,0.964,-0.25,0.055,0.964,-0.25,0.056,0.964,-0.25,0.058,0.964,-0.25,0.059,0.964,38
0,-0.252,0.044,0.967,-0.251,0.045,0.966,-0.252,0.047,0.967,-0.251,0.046,0.966,-0.251,0.047,0.965,-0.251,0.047,0.965,-0.249,0.048,0.964,-0.25,0.05,0.963,-0.25,0.052,0.964,-0.25,0.054,0.964,-0.25,0.055,0.964,-0.25,0.056,0.964,-0.25,0.058,0.964,-0.25,0.059,0.964,-0.25,0.061,0.963,39
0,-0.251,0.045,0.966,-0.252,0.047,0.967,-0.251,0.046,0.966,-0.251,0.047,0.965,-0.251,0.047,0.965,-0.249,0.048,0.964,-0.25,0.05,0.963,-0.25,0.052,0.964,-0.25,0.054,0.964,-0.25,0.055,0.964,-0.25,0.056,0.964,-0.25,0.058,0.964,-0.25,0.059,0.964,-0.25,0.061,0.963,-0.251,0.061,0.963,40
0,-0.252,0.047,0.967,-0.251,0.046,0.966,-0.251,0.047,0.965,-0.251,0.047,0.965,-0.249,0.048,0.964,-0.25,0.05,0.963,-0.25,0.052,0.964,-0.25,0.054,0.964,-0.25,0.055,0.964,-0.25,0.056,0.964,-0.25,0.058,0.964,-0.25,0.059,0.964,-0.25,0.061,0.963,-0.251,0.061,0.963,-0.252,0.063,0.962,41
0,-0.251,0.046,0.966,-0.251,0.047,0.965,-0.251,0.047,0.965,-0.249,0.048,0.964,-0.25,0.05,0.963,-0.25,0.052,0.964,-0.25,0.054,0.964,-0.25,0.055,0.964,-0.25,0.056,0.964,-0.25,0.058,0.964,-0.25,0.059,0.964,-0.25,0.061,0.963,-0.251,0.061,0.963,-0.252,0.063,0.962,-0.252,0.064,0.962,42
0,-0.251,0.047,0.965,-0.251,0.047,0.965,-0.249,0.048,0.964,-0.25,0.05,0.963,-0.25,0.052,0.964,-0.25,0.054,0.964,-0.25,0.055,0.964,-0.25,0.056,0.964,-0.25,0.058,0.964,-0.25,0.059,0.964,-0.25,0.061,0.963,-0.251,0.061,0.963,-0.252,0.063,0.962,-0.252,0.064,0.962,-0.252,0.066,0.963,43
0,-0.251,0.047,0.965,-0.249,0.048,0.964,-0.25,0.05,0.963,-0.25,0.052,0.964,-0.25,0.054,0.964,-0.25,0.055,0.964,-0.25,0.056,0.964,-0.25,0.058,0.964,-0.25,0.059,0.964,-0.25,0.061,0.963,-0.251,0.061,0.963,-0.252,0.063,0.962,-0.252,0.064,0.962,-0.252,0.066,0.963,-0.254,0.068,0.962,44
0,-0.249,0.048,0.964,-0.25,0.05,0.963,-0.25,0.052,0.964,-0.25,0.054,0.964,-0.25,0.055,0.964,-0.25,0.056,0.964,-0.25,0.058,0.964,-0.25,0.059,0.964,-0.25,0.061,0.963,-0.251,0.061,0.963,-0.252,0.063,0.962,-0.252,0.064,0.962,-0.252,0.066,0.963,-0.254,0.068,0.962,-0.254,0.071,0.961,45
0,-0.25,0.05,0.963,-0.25,0.052,0.964,-0.25,0.054,0.964,-0.25,0.055,0.964,-0.25,0.056,0.964,-0.25,0.058,0.964,-0.25,0.059,0.964,-0.25,0.061,0.963,-0.251,0.061,0.963,-0.252,0.063,0.962,-0.252,0.064,0.962,-0.252,0.066,0.963,-0.254,0.068,0.962,-0.254,0.071,0.961,-0.254,0.072,0.961,46
0,-0.25,0.052,0.964,-0.25,0.054,0.964,-0.25,0.055,0.964,-0.25,0.056,0.964,-0.25,0.058,0.964,-0.25,0.059,0.964,-0.25,0.061,0.963,-0.251,0.061,0.963,-0.252,0.063,0.962,-0.252,0.064,0.962,-0.252,0.066,0.963,-0.254,0.068,0.962,-0.254,0.071,0.961,-0.254,0.072,0.961,-0.253,0.073,0.961,47
0,-0.25,0.054,0.964,-0.25,0.055,0.964,-0.25,0.056,0.964,-0.25,0.058,0.964,-0.25,0.059,0.964,-0.25,0.061,0.963,-0.251,0.061,0.963,-0.252,0.063,0.962,-0.252,0.064,0.962,-0.252,0.066,0.963,-0.254,0.068,0.962,-0.254,0.071,0.961,-0.254,0.072,0.961,-0.253,0.073,0.961,-0.253,0.074,0.961,48
0,-0.25,0.055,0.964,-0.25,0.056,0.964,-0.25,0.058,0.964,-0.25,0.059,0.964,-0.25,0.061,0.963,-0.251,0.061,0.963,-0.252,0.063,0.962,-0.252,0.064,0.962,-0.252,0.066,0.963,-0.254,0.068,0.962,-0.254,0.071,0.961,-0.254,0.072,0.961,-0.253,0.073,0.961,-0.253,0.074,0.961,-0.254,0.075,0.96,49
0,-0.25,0.056,0.964,-0.25,0.058,0.964,-0.25,0.059,0.964,-0.25,0.061,0.963,-0.251,0.061,0.963,-0.252,0.063,0.962,-0.252,0.064,0.962,-0.252,0.066,0.963,-0.254,0.068,0.962,-0.254,0.071,0.961,-0.254,0.072,0.961,-0.253,0.073,0.961,-0.253,0.074,0.961,-0.254,0.075,0.96,-0.255,0.077,0.96,50
0,-0.25,0.058,0.964,-0.25,0.059,0.964,-0.25,0.061,0.963,-0.251,0.061,0.963,-0.252,0.063,0.962,-0.252,0.064,0.962,-0.252,0.066,0.963,-0.254,0.068,0.962,-0.254,0.071,0.961,-0.254,0.072,0.961,-0.253,0.073,0.961,-0.253,0.074,0.961,-0.254,0.075,0.96,-0.255,0.077,0.96,-0.256,0.079,0.96,51
0,-0.25,0.059,0.964,-0.25,0.061,0.963,-0.251,0.061,0.963,-0.252,0.063,0.962,-0.252,0.064,0.962,-0.252,0.066,0.963,-0.254,0.068,0.962,-0.254,0.071,0.961,-0.254,0.072,0.961,-0.253,0.073,0.961,-0.253,0.074,0.961,-0.254,0.075,0.96,-0.255,0.077,0.96,-0.256,0.079,0.96,-0.255,0.08,0.959,52
0,-0.25,0.061,0.963,-0.251,0.061,0.963,-0.252,0.063,0.962,-0.252,0.064,0.962,-0.252,0.066,0.963,-0.254,0.068,0.962,-0.254,0.071,0.961,-0.254,0.072,0.961,-0.253,0.073,0.961,-0.253,0.074,0.961,-0.254,0.075,0.96,-0.255,0.077,0.96,-0.256,0.079,0.96,-0.255,0.08,0.959,-0.256,0.081,0.96,53
0,-0.251,0.061,0.963,-0.252,0.063,0.962,-0.252,0.064,0.962,-0.252,0.066,0.963,-0.254,0.068,0.962,-0.254,0.071,0.961,-0.254,0.072,0.961,-0.253,0.073,0.961,-0.253,0.074,0.961,-0.254,0.075,0.96,-0.255,0.077,0.96,-0.256,0.079,0.96,-0.255,0.08,0.959,-0.256,0.081,0.96,-0.256,0.082,0.959,54
0,-0.252,0.063,0.962,-0.252,0.064,0.962,-0.252,0.066,0.963,-0.254,0.068,0.962,-0.254,0.071,0.961,-0.254,0.072,0.961,-0.253,0.073,0.961,-0.253,0.074,0.961,-0.254,0.075,0.96,-0.255,0.077,0.96,-0.256,0.079,0.96,-0.255,0.08,0.959,-0.256,0.081,0.96,-0.256,0.082,0.959,-0.256,0.083,0.959,55
0,-0.252,0.064,0.962,-0.252,0.066,0.963,-0.254,0.068,0.962,-0.254,0.071,0.961,-0.254,0.072,0.961,-0.253,0.073,0.961,-0.253,0.074,0.961,-0.254,0.075,0.96,-0.255,0.077,0.96,-0.256,0.079,0.96,-0.255,0.08,0.959,-0.256,0.081,0.96,-0.256,0.082,0.959,-0.256,0.083,0.959,-0.256,0.085,0.959,56
0,-0.252,0.066,0.963,-0.254,0.068,0.962,-0.254,0.071,0.961,-0.254,0.072,0.961,-0.253,0.073,0.961,-0.253,0.074,0.961,-0.254,0.075,0.96,-0.255,0.077,0.96,-0.256,0.079,0.96,-0.255,0.08,0.959,-0.256,0.081,0.96,-0.256,0.082,0.959,-0.256,0.083,0.959,-0.256,0.085,0.959,-0.256,0.085,0.959,57
0,-0.254,0.068,0.962,-0.254,0.071,0.961,-0.254,0.072,0.961,-0.253,0.073,0.961,-0.253,0.074,0.961,-0.254,0.075,0.96,-0.255,0.077,0.96,-0.256,0.079,0.96,-0.255,0.08,0.959,-0.256,0.081,0.96,-0.256,0.082,0.959,-0.256,0.083,0.959,-0.256,0.085,0.959,-0.256,0.085,0.959,-0.257,0.086,0.959,58
0,-0.254,0.071,0.961,-0.254,0.072,0.961,-0.253,0.073,0.961,-0.253,0.074,0.961,-0.254,0.075,0.96,-0.255,0.077,0.96,-0.256,0.079,0.96,-0.255,0.08,0.959,-0.256,0.081,0.96,-0.256,0.082,0.959,-0.256,0.083,0.959,-0.256,0.085,0.959,-0.256,0.085,0.959,-0.257,0.086,0.959,-0.256,0.087,0.959,59
0,-0.254,0.072,0.961,-0.253,0.073,0.961,-0.253,0.074,0.961,-0.254,0.075,0.96,-0.255,0.077,0.96,-0.256,0.079,0.96,-0.255,0.08,0.959,-0.256,0.081,0.96,-0.256,0.082,0.959,-0.256,0.083,0.959,-0.256,0.085,0.959,-0.256,0.085,0.959,-0.257,0.086,0.959,-0.256,0.087,0.959,-0.257,0.088,0.96,60
0,-0.253,0.073,0.961,-0.253,0.074,0.961,-0.254,0.075,0.96,-0.255,0.077,0.96,-0.256,0.079,0.96,-0.255,0.08,0.959,-0.256,0.081,0.96,-0.256,0.082,0.959,-0.256,0.083,0.959,-0.256,0.085,0.959,-0.256,0.085,0.959,-0.257,0.086,0.959,-0.256,0.087,0.959,-0.257,0.088,0.96,-0.258,0.089,0.96,61
0,-0.253,0.074,0.961,-0.254,0.075,0.96,-0.255,0.077,0.96,-0.256,0.079,0.96,-0.255,0.08,0.959,-0.256,0.081,0.96,-0.256,0.082,0.959,-0.256,0.083,0.959,-0.256,0.085,0.959,-0.256,0.085,0.959,-0.257,0.086,0.959,-0.256,0.087,0.959,-0.257,0.088,0.96,-0.258,0.089,0.96,-0.256,0.091,0.959,62
0,-0.254,0.075,0.96,-0.255,0.077,0.96,-0.256,0.079,0.96,-0.255,0.08,0.959,-0.256,0.081,0.96,-0.256,0.082,0.959,-0.256,0.083,0.959,-0.256,0.085,0.959,-0.256,0.085,0.959,-0.257,0.086,0.959,-0.256,0.087,0.959,-0.257,0.088,0.96,-0.258,0.089,0.96,-0.256,0.091,0.959,-0.255,0.093,0.959,63
0,-0.255,0.077,0.96,-0.256,0.079,0.96,-0.255,0.08,0.959,-0.256,0.081,0.96,-0.256,0.082,0.959,-0.256,0.083,0.959,-0.256,0.085,0.959,-0.256,0.085,0.959,-0.257,0.086,0.959,-0.256,0.087,0.959,-0.257,0.088,0.96,-0.258,0.089,0.96,-0.256,0.091,0.959,-0.255,0.093,0.959,-0.254,0.095,0.959,64
0,-0.256,0.079,0.96,-0.255,0.08,0.959,-0.256,0.081,0.96,-0.256,0.082,0.959,-0.256,0.083,0.959,-0.256,0.085,0.959,-0.256,0.085,0.959,-0.257,0.086,0.959,-0.256,0.087,0.959,-0.257,0.088,0.96,-0.258,0.089,0.96,-0.256,0.091,0.959,-0.255,0.093,0.959,-0.254,0.095,0.959,-0.253,0.096,0.959,65
0,-0.255,0.08,0.959,-0.256,0.081,0.96,-0.256,0.082,0.959,-0.256,0.083,0.959,-0.256,0.085,0.959,-0.256,0.085,0.959,-0.257,0.086,0.959,-0.256,0.087,0.959,-0.257,0.088,0.96,-0.258,0.089,0.96,-0.256,0.091,0.959,-0.255,0.093,0.959,-0.254,0.095,0.959,-0.253,0.096,0.959,-0.252,0.098,0.959,66
0,-0.256,0.081,0.96,-0.256,0.082,0.959,-0.256,0.083,0.959,-0.256,0.085,0.959,-0.256,0.085,0.959,-0.257,0.086,0.959,-0.256,0.087,0.959,-0.257,0.088,0.96,-0.258,0.089,0.96,-0.256,0.091,0.959,-0.255,0.093,0.959,-0.254,0.095,0.959,-0.253,0.096,0.959,-0.252,0.098,0.959,-0.252,0.099,0.958,67
0,-0.256,0.082,0.959,-0.256,0.083,0.959,-0.256,0.085,0.959,-0.256,0.085,0.959,-0.257,0.086,0.959,-0.256,0.087,0.959,-0.257,0.088,0.96,-0.258,0.089,0.96,-0.256,0.091,0.959,-0.255,0.093,0.959,-0.254,0.095,0.959,-0.253,0.096,0.959,-0.252,0.098,0.959,-0.252,0.099,0.958,-0.251,0.101,0.956,68
0,-0.256,0.083,0.959,-0.256,0.085,0.959,-0.256,0.085,0.959,-0.257,0.086,0.959,-0.256,0.087,0.959,-0.257,0.088,0.96,-0.258,0.089,0.96,-0.256,0.091,0.959,-0.255,0.093,0.959,-0.254,0.095,0.959,-0.253,0.096,0.959,-0.252,0.098,0.959,-0.252,0.099,0.958,-0.251,0.101,0.956,-0.252,0.102,0.958,69
0,-0.256,0.085,0.959,-0.256,0.085,0.959,-0.257,0.086,0.959,-0.256,0.087,0.959,-0.257,0.088,0.96,-0.258,0.089,0.96,-0.256,0.091,0.959,-0.255,0.093,0.959,-0.254,0.095,0.959,-0.253,0.096,0.959,-0.252,0.098,0.959,-0.252,0.099,0.958,-0.251,0.101,0.956,-0.252,0.102,0.958,-0.254,0.103,0.96,70
0,-0.256,0.085,0.959,-0.257,0.086,0.959,-0.256,0.087,0.959,-0.257,0.088,0.96,-0.258,0.089,0.96,-0.256,0.091,0.959,-0.255,0.093,0.959,-0.254,0.095,0.959,-0.253,0.096,0.959,-0.252,0.098,0.959,-0.252,0.099,0.958,-0.251,0.101,0.956,-0.252,0.102,0.958,-0.254,0.103,0.96,-0.254,0.104,0.961,71
0,-0.257,0.086,0.959,-0.256,0.087,0.959,-0.257,0.088,0.96,-0.258,0.089,0.96,-0.256,0.091,0.959,-0.255,0.093,0.959,-0.254,0.095,0.959,-0.253,0.096,0.959,-0.252,0.098,0.959,-0.252,0.099,0.958,-0.251,0.101,0.956,-0.252,0.102,0.958,-0.254,0.103,0.96,-0.254,0.104,0.961,-0.252,0.103,0.96,72
0,-0.256,0.087,0.959,-0.257,0.088,0.96,-0.258,0.089,0.96,-0.256,0.091,0.959,-0.255,0.093,0.959,-0.254,0.095,0.959,-0.253,0.096,0.959,-0.252,0.098,0.959,-0.252,0.099,0.958,-0.251,0.101,0.956,-0.252,0.102,0.958,-0.254,0.103,0.96,-0.254,0.104,0.961,-0.252,0.103,0.96,-0.25,0.104,0.958,73
0,-0.257,0.088,0.96,-0.258,0.089,0.96,-0.256,0.091,0.959,-0.255,0.093,0.959,-0.254,0.095,0.959,-0.253,0.096,0.959,-0.252,0.098,0.959,-0.252,0.099,0.958,-0.251,0.101,0.956,-0.252,0.102,0.958,-0.254,0.103,0.96,-0.254,0.104,0.961,-0.252,0.103,0.96,-0.25,0.104,0.958,-0.249,0.108,0.956,74
0,-0.258,0.089,0.96,-0.256,0.091,0.959,-0.255,0.093,0.959,-0.254,0.095,0.959,-0.253,0.096,0.959,-0.252,0.098,0.959,-0.252,0.099,0.958,-0.251,0.101,0.956,-0.252,0.102,0.958,-0.254,0.103,0.96,-0.254,0.104,0.961,-0.252,0.103,0.96,-0.25,0.104,0.958,-0.249,0.108,0.956,-0.241,0.114,0.957,75
0,-0.256,0.091,0.959,-0.255,0.093,0.959,-0.254,0.095,0.959,-0.253,0.096,0.959,-0.252,0.098,0.959,-0.252,0.099,0.958,-0.251,0.101,0.956,-0.252,0.102,0.958,-0.254,0.103,0.96,-0.254,0.104,0.961,-0.252,0.103,0.96,-0.25,0.104,0.958,-0.249,0.108,0.956,-0.241,0.114,0.957,-0.228,0.121,0.955,76
0,-0.255,0.093,0.959,-0.254,0.095,0.959,-0.253,0.096,0.959,-0.252,0.098,0.959,-0.252,0.099,0.958,-0.251,0.101,0.956,-0.252,0.102,0.958,-0.254,0.103,0.96,-0.254,0.104,0.961,-0.252,0.103,0.96,-0.25,0.104,0.958,-0.249,0.108,0.956,-0.241,0.114,0.957,-0.228,0.121,0.955,-0.212,0.139,0.952,77
0,-0.254,0.095,0.959,-0.253,0.096,0.959,-0.252,0.098,0.959,-0.252,0.099,0.958,-0.251,0.101,0.956,-0.252,0.102,0.958,-0.254,0.103,0.96,-0.254,0.104,0.961,-0.252,0.103,0.96,-0.25,0.104,0.958,-0.249,0.108,0.956,-0.241,0.114,0.957,-0.228,0.121,0.955,-0.212,0.139,0.952,-0.195,0.151,0.948,78
0,-0.253,0.096,0.959,-0.252,0.098,0.959,-0.252,0.099,0.958,-0.251,0.101,0.956,-0.252,0.102,0.958,-0.254,0.103,0.96,-0.254,0.104,0.961,-0.252,0.103,0.96,-0.25,0.104,0.958,-0.249,0.108,0.956,-0.241,0.114,0.957,-0.228,0.121,0.955,-0.212,0.139,0.952,-0.195,0.151,0.948,-0.186,0.168,0.946,79
0,-0.252,0.098,0.959,-0.252,0.099,0.958,-0.251,0.101,0.956,-0.252,0.102,0.958,-0.254,0.103,0.96,-0.254,0.104,0.961,-0.252,0.103,0.96,-0.25,0.104,0.958,-0.249,0.108,0.956,-0.241,0.114,0.957,-0.228,0.121,0.955,-0.212,0.139,0.952,-0.195,0.151,0.948,-0.186,0.168,0.946,-0.171,0.191,0.945,80
0,-0.252,0.099,0.958,-0.251,0.101,0.956,-0.252,0.102,0.958,-0.254,0.103,0.96,-0.254,0.104,0.961,-0.252,0.103,0.96,-0.25,0.104,0.958,-0.249,0.108,0.956,-0.241,0.114,0.957,-0.228,0.121,0.955,-0.212,0.139,0.952,-0.195,0.151,0.948,-0.186,0.168,0.946,-0.171,0.191,0.945,-0.147,0.218,0.945,81
0,-0.251,0.101,0.956,-0.252,0.102,0.958,-0.254,0.103,0.96,-0.254,0.104,0.961,-0.252,0.103,0.96,-0.25,0.104,0.958,-0.249,0.108,0.956,-0.241,0.114,0.957,-0.228,0.121,0.955,-0.212,0.139,0.952,-0.195,0.151,0.948,-0.186,0.168,0.946,-0.171,0.191,0.945,-0.147,0.218,0.945,-0.11,0.24,0.936,82
0,-0.252,0.102,0.958,-0.254,0.103,0.96,-0.254,0.104,0.961,-0.252,0.103,0.96,-0.25,0.104,0.958,-0.249,0.108,0.956,-0.241,0.114,0.957,-0.228,0.121,0.955,-0.212,0.139,0.952,-0.195,0.151,0.948,-0.186,0.168,0.946,-0.171,0.191,0.945,-0.147,0.218,0.945,-0.11,0.24,0.936,-0.091,0.249,0.928,83
0,-0.254,0.103,0.96,-0.254,0.104,0.961,-0.252,0.103,0.96,-0.25,0.104,0.958,-0.249,0.108,0.956,-0.241,0.114,0.957,-0.228,0.121,0.955,-0.212,0.139,0.952,-0.195,0.151,0.948,-0.186,0.168,0.946,-0.171,0.191,0.945,-0.147,0.218,0.945,-0.11,0.24,0.936,-0.091,0.249,0.928,-0.075,0.279,0.919,84
0,-0.254,0.104,0.961,-0.252,0.103,0.96,-0.25,0.104,0.958,-0.249,0.108,0.956,-0.241,0.114,0.957,-0.228,0.121,0.955,-0.212,0.139,0.952,-0.195,0.151,0.948,-0.186,0.168,0.946,-0.171,0.191,0.945,-0.147,0.218,0.945,-0.11,0.24,0.936,-0.091,0.249,0.928,-0.075,0.279,0.919,-0.073,0.302,0.912,85
0,-0.252,0.103,0.96,-0.25,0.104,0.958,-0.249,0.108,0.956,-0.241,0.114,0.957,-0.228,0.121,0.955,-0.212,0.139,0.952,-0.195,0.151,0.948,-0.186,0.168,0.946,-0.171,0.191,0.945,-0.147,0.218,0.945,-0.11,0.24,0.936,-0.091,0.249,0.928,-0.075,0.279,0.919,-0.073,0.302,0.912,-0.059,0.326,0.908,86
0,-0.25,0.104,0.958,-0.249,0.108,0.956,-0.241,0.114,0.957,-0.228,0.121,0.955,-0.212,0.139,0.952,-0.195,0.151,0.948,-0.186,0.168,0.946,-0.171,0.191,0.945,-0.147,0.218,0.945,-0.11,0.24,0.936,-0.091,0.249,0.928,-0.075,0.279,0.919,-0.073,0.302,0.912,-0.059,0.326,0.908,-0.049,0.351,0.904,87
0,-0.249,0.108,0.956,-0.241,0.114,0.957,-0.228,0.121,0.955,-0.212,0.139,0.952,-0.195,0.151,0.948,-0.186,0.168,0.946,-0.171,0.191,0.945,-0.147,0.218,0.945,-0.11,0.24,0.936,-0.091,0.249,0.928,-0.075,0.279,0.919,-0.073,0.302,0.912,-0.059,0.326,0.908,-0.049,0.351,0.904,-0.038,0.374,0.901,88
0,-0.241,0.114,0.957,-0.228,0.121,0.955,-0.212,0.139,0.952,-0.195,0.151,0.948,-0.186,0.168,0.946,-0.171,0.191,0.945,-0.147,0.218,0.945,-0.11,0.24,0.936,-0.091,0.249,0.928,-0.075,0.279,0.919,-0.073,0.302,0.912,-0.059,0.326,0.908,-0.049,0.351,0.904,-0.038,0.374,0.901,-0.036,0.4,0.896,89
0,-0.228,0.121,0.955,-0.212,0.139,0.952,-0.195,0.151,0.948,-0.186,0.168,0.946,-0.171,0.191,0.945,-0.147,0.218,0.945,-0.11,0.24,0.936,-0.091,0.249,0.928,-0.075,0.279,0.919,-0.073,0.302,0.912,-0.059,0.326,0.908,-0.049,0.351,0.904,-0.038,0.374,0.901,-0.036,0.4,0.896,-0.039,0.422,0.896,90
0,-0.212,0.139,0.952,-0.195,0.151,0.948,-0.186,0.168,0.946,-0.171,0.191,0.945,-0.147,0.218,0.945,-0.11,0.24,0.936,-0.091,0.249,0.928,-0.075,0.279,0.919,-0.073,0.302,0.912,-0.059,0.326,0.908,-0.049,0.351,0.904,-0.038,0.374,0.901,-0.036,0.4,0.896,-0.039,0.422,0.896,-0.046,0.425,0.891,91
0,-0.195,0.151,0.948,-0.186,0.168,0.946,-0.171,0.191,0.945,-0.147,0.218,0.945,-0.11,0.24,0.936,-0.091,0.249,0.928,-0.075,0.279,0.919,-0.073,0.302,0.912,-0.059,0.326,0.908,-0.049,0.351,0.904,-0.038,0.374,0.901,-0.036,0.4,0.896,-0.039,0.422,0.896,-0.046,0.425,0.891,-0.042,0.43,0.89,92
0,-0.186,0.168,0.946,-0.171,0.191,0.945,-0.147,0.218,0.945,-0.11,0.24,0.936,-0.091,0.249,0.928,-0.075,0.279,0.919,-0.073,0.302,0.912,-0.059,0.326,0.908,-0.049,0.351,0.904,-0.038,0.374,0.901,-0.036,0.4,0.896,-0.039,0.422,0.896,-0.046,0.425,0.891,-0.042,0.43,0.89,-0.043,0.445,0.888,93
0,-0.171,0.191,0.945,-0.147,0.218,0.945,-0.11,0.24,0.936,-0.091,0.249,0.928,-0.075,0.279,0.919,-0.073,0.302,0.912,-0.059,0.326,0.908,-0.049,0.351,0.904,-0.038,0.374,0.901,-0.036,0.4,0.896,-0.039,0.422,0.896,-0.046,0.425,0.891,-0.042,0.43,0.89,-0.043,0.445,0.888,-0.039,0.452,0.882,94
0,-0.147,0.218,0.945,-0.11,0.24,0.936,-0.091,0.249,0.928,-0.075,0.279,0.919,-0.073,0.302,0.912,-0.059,0.326,0.908,-0.049,0.351,0.904,-0.038,0.374,0.901,-0.036,0.4,0.896,-0.039,0.422,0.896,-0.046,0.425,0.891,-0.042,0.43,0.89,-0.043,0.445,0.888,-0.039,0.452,0.882,-0.041,0.453,0.873,95
0,-0.11,0.24,0.936,-0.091,0.249,0.928,-0.075,0.279,0.919,-0.073,0.302,0.912,-0.059,0.326,0.908,-0.049,0.351,0.904,-0.038,0.374,0.901,-0.036,0.4,0.896,-0.039,0.422,0.896,-0.046,0.425,0.891,-0.042,0.43,0.89,-0.043,0.445,0.888,-0.039,0.452,0.882,-0.041,0.453,0.873,-0.044,0.448,0.866,96
0,-0.091,0.249,0.928,-0.075,0.279,0.919,-0.073,0.302,0.912,-0.059,0.326,0.908,-0.049,0.351,0.904,-0.038,0.374,0.901,-0.036,0.4,0.896,-0.039,0.422,0.896,-0.046,0.425,0.891,-0.042,0.43,0.89,-0.043,0.445,0.888,-0.039,0.452,0.882,-0.041,0.453,0.873,-0.044,0.448,0.866,-0.061,0.445,0.864,97
0,-0.075,0.279,0.919,-0.073,0.302,0.912,-0.059,0.326,0.908,-0.049,0.351,0.904,-0.038,0.374,0.901,-0.036,0.4,0.896,-0.039,0.422,0.896,-0.046,0.425,0.891,-0.042,0.43,0.89,-0.043,0.445,0.888,-0.039,0.452,0.882,-0.041,0.453,0.873,-0.044,0.448,0.866,-0.061,0.445,0.864,-0.064,0.455,0.853,98
0,-0.073,0.302,0.912,-0.059,0.326,0.908,-0.049,0.351,0.904,-0.038,0.374,0.901,-0.036,0.4,0.896,-0.039,0.422,0.896,-0.046,0.425,0.891,-0.042,0.43,0.89,-0.043,0.445,0.888,-0.039,0.452,0.882,-0.041,0.453,0.873,-0.044,0.448,0.866,-0.061,0.445,0.864,-0.064,0.455,0.853,-0.069,0.464,0.86,99
0,-0.059,0.326,0.908,-0.049,0.351,0.904,-0.038,0.374,0.901,-0.036,0.4,0.896,-0.039,0.422,0.896,-0.046,0.425,0.891,-0.042,0.43,0.89,-0.043,0.445,0.888,-0.039,0.452,0.882,-0.041,0.453,0.873,-0.044,0.448,0.866,-0.061,0.445,0.864,-0.064,0.455,0.853,-0.069,0.464,0.86,-0.059,0.479,0.863,100
